{"cameraMode":{"drawMode":0,"name":"Shaded","section":"Shading Mode"},"sceneLighting":true,"audioPlay":false,"sceneViewState":{"showFog":true,"showMaterialUpdate":false,"showSkybox":true,"showFlares":true,"showImageEffects":true,"showParticleSystems":true},"in2DMode":false,"pivot":{"x":161.1759796142578,"y":30.427087783813478,"z":20.924701690673829},"rotation":{"x":-0.21543745696544648,"y":-0.3163536489009857,"z":0.07400958240032196,"w":-0.9208852648735046},"size":82.0815658569336,"orthographic":false}